{"version":"0.4","title":"40th CareFooter","type":"page","content":[{"id":"e889c6a","settings":{"stretch_section":"section-stretched","layout":"full_width","background_background":"classic","background_color":"#E1E8F0","padding":{"unit":"px","top":"50","right":"0","bottom":"50","left":"0","isLinked":false},"padding_mobile":{"unit":"px","top":"10","right":"10","bottom":"10","left":"10","isLinked":true}},"elements":[{"id":"4fff3817","settings":{"_column_size":100,"_inline_size":null},"elements":[{"id":"29643c54","settings":{"structure":"40","margin":{"unit":"px","top":"15","right":0,"bottom":"0","left":0,"isLinked":false}},"elements":[{"id":"50baf0b0","settings":{"_column_size":25,"_inline_size":28.2169999999999987494447850622236728668212890625,"margin":{"unit":"px","top":"0","right":"0","bottom":"0","left":"0","isLinked":true},"padding":{"unit":"px","top":"0","right":"30","bottom":"0","left":"0","isLinked":false}},"elements":[{"id":"26ec9721","settings":{"image":{"url":"https:\/\/mcstarters.cloudaccess.host\/wp-content\/uploads\/2020\/10\/solution-by-mC.png","id":295},"align":"left","width":{"unit":"%","size":52,"sizes":[]}},"elements":[],"isInner":false,"widgetType":"image","elType":"widget"},{"id":"7152df6e","settings":{"editor":"<p>Hazze. is a versatile wp theme with modern creative design. Made as an ultimate toolbox of content elements, styles &amp; features, it helps people to build impressive high-performant.<\/p>","text_color":"#11181E","typography_typography":"custom","typography_font_size":{"unit":"px","size":16,"sizes":[]},"typography_font_weight":"400","typography_line_height":{"unit":"px","size":20,"sizes":[]},"align":"left","typography_font_family":"Catamaran"},"elements":[],"isInner":false,"widgetType":"text-editor","elType":"widget"}],"isInner":true,"elType":"column"},{"id":"7f75c1db","settings":{"_column_size":25,"_inline_size":16.93299999999999982946974341757595539093017578125,"padding":{"unit":"px","top":"0","right":"56","bottom":"0","left":"0","isLinked":false}},"elements":[{"id":"735dfffa","settings":{"title":"Quick Link","typography_typography":"custom","typography_font_family":"Catamaran","typography_font_size":{"unit":"px","size":23,"sizes":[]},"typography_font_weight":"700","typography_line_height":{"unit":"px","size":18,"sizes":[]},"title_color":"#453B9A"},"elements":[],"isInner":false,"widgetType":"heading","elType":"widget"},{"id":"72c639be","settings":{"icon_list":[{"text":"Knowledge Base ","selected_icon":{"value":"","library":""},"_id":"269eff5","link":{"url":"#","is_external":"","nofollow":"","custom_attributes":""}},{"text":"Hire An Expert ","selected_icon":{"value":"","library":""},"link":{"url":"#","is_external":"","nofollow":"","custom_attributes":""},"_id":"069e0cd"},{"text":"FAQ ","selected_icon":{"value":"","library":""},"link":{"url":"#","is_external":"","nofollow":"","custom_attributes":""},"_id":"29ada71"},{"text":"Contact","selected_icon":{"value":"","library":""},"link":{"url":"#","is_external":"","nofollow":"","custom_attributes":""},"_id":"8823b11"},{"text":"Services","selected_icon":{"value":"","library":""},"link":{"url":"#","is_external":"","nofollow":"","custom_attributes":""},"_id":"9afa9ac"}],"space_between":{"unit":"px","size":0,"sizes":[]},"icon_align":"left","icon_color":"#99A9B5","icon_size":{"unit":"px","size":12,"sizes":[]},"icon_self_align":"left","text_color":"#11181E","text_indent":{"unit":"px","size":0,"sizes":[]},"icon_typography_typography":"custom","icon_typography_font_size":{"unit":"px","size":16,"sizes":[]},"text_color_hover":"#99A9B5","divider_color":"#DDDDDD78","icon_typography_font_family":"Catamaran"},"elements":[],"isInner":false,"widgetType":"icon-list","elType":"widget"}],"isInner":true,"elType":"column"},{"id":"1483965a","settings":{"_column_size":25,"_inline_size":30.3509999999999990905052982270717620849609375,"padding":{"unit":"px","top":"0","right":"61","bottom":"0","left":"0","isLinked":false}},"elements":[{"id":"6774a971","settings":{"title":"Our Awards","typography_typography":"custom","typography_font_family":"Catamaran","typography_font_size":{"unit":"px","size":23,"sizes":[]},"typography_font_weight":"700","typography_line_height":{"unit":"px","size":18,"sizes":[]},"title_color":"#453B9A"},"elements":[],"isInner":false,"widgetType":"heading","elType":"widget"},{"id":"5211f2a1","settings":{"wp_gallery":[{"id":378,"url":"https:\/\/mcstarters.cloudaccess.host\/wp-content\/uploads\/2020\/10\/07.png"},{"id":375,"url":"https:\/\/mcstarters.cloudaccess.host\/wp-content\/uploads\/2020\/10\/04.png"},{"id":372,"url":"https:\/\/mcstarters.cloudaccess.host\/wp-content\/uploads\/2020\/10\/01.png"},{"id":373,"url":"https:\/\/mcstarters.cloudaccess.host\/wp-content\/uploads\/2020\/10\/02.png"},{"id":377,"url":"https:\/\/mcstarters.cloudaccess.host\/wp-content\/uploads\/2020\/10\/06.png"},{"id":374,"url":"https:\/\/mcstarters.cloudaccess.host\/wp-content\/uploads\/2020\/10\/03.png"}],"gallery_columns":"3","_margin_mobile":{"unit":"px","top":"20","right":"0","bottom":"0","left":"0","isLinked":false}},"elements":[],"isInner":false,"widgetType":"image-gallery","elType":"widget"}],"isInner":true,"elType":"column"},{"id":"485cbdad","settings":{"_column_size":25,"_inline_size":24.45700000000000073896444519050419330596923828125,"margin":{"unit":"px","top":"0","right":"0","bottom":"0","left":"0","isLinked":false},"padding":{"unit":"px","top":"0","right":"0","bottom":"0","left":"0","isLinked":false}},"elements":[{"id":"2cd4fa37","settings":{"title":"Social Networks","typography_typography":"custom","typography_font_family":"Catamaran","typography_font_size":{"unit":"px","size":23,"sizes":[]},"typography_font_weight":"700","typography_line_height":{"unit":"px","size":18,"sizes":[]},"title_color":"#453B9A"},"elements":[],"isInner":false,"widgetType":"heading","elType":"widget"},{"id":"77e9e62a","settings":{"editor":"<p>Visit mcstarters on these social links.<\/p>","text_color":"#11181E","typography_typography":"custom","typography_font_size":{"unit":"px","size":16,"sizes":[]},"typography_font_weight":"400","typography_line_height":{"unit":"px","size":20,"sizes":[]},"align":"left","typography_font_family":"Catamaran"},"elements":[],"isInner":false,"widgetType":"text-editor","elType":"widget"},{"id":"2fae14ac","settings":{"social_icon_list":[{"social_icon":{"value":"fab fa-facebook","library":"fa-brands"},"_id":"15997a3"},{"social_icon":{"value":"fab fa-twitter","library":"fa-brands"},"_id":"00f7371"},{"social_icon":{"value":"fab fa-youtube","library":"fa-brands"},"_id":"a1acd76"},{"social_icon":{"value":"fab fa-linkedin","library":"fa-brands"},"_id":"6403685"}],"shape":"circle","align":"left","align_mobile":"left","icon_primary_color":"#02010100","icon_secondary_color":"#99A9B5","icon_size":{"unit":"px","size":19,"sizes":[]},"image_border_border":"solid","image_border_width":{"unit":"px","top":"1","right":"1","bottom":"1","left":"1","isLinked":true},"_margin":{"unit":"px","top":"-19","right":"0","bottom":"0","left":"0","isLinked":false}},"elements":[],"isInner":false,"widgetType":"social-icons","elType":"widget"}],"isInner":true,"elType":"column"}],"isInner":true,"elType":"section"}],"isInner":false,"elType":"column"}],"isInner":false,"elType":"section"},{"id":"3d3b523d","settings":{"structure":"20","background_background":"classic","background_color":"#181828","border_border":"solid","border_width":{"unit":"px","top":"1","right":"1","bottom":"1","left":"1","isLinked":true},"margin":{"unit":"px","top":"0","right":0,"bottom":"0","left":0,"isLinked":false},"padding":{"unit":"px","top":"0","right":"0","bottom":"0","left":"0","isLinked":false},"padding_mobile":{"unit":"px","top":"0","right":"0","bottom":"0","left":"0","isLinked":true},"layout":"full_width"},"elements":[{"id":"3b5627fc","settings":{"_column_size":50,"_inline_size":null,"padding":{"unit":"px","top":"10","right":"0","bottom":"10","left":"100","isLinked":false},"padding_tablet":{"unit":"px","top":"8","right":"0","bottom":"8","left":"10","isLinked":false}},"elements":[{"id":"684d2cae","settings":{"icon_list":[{"text":"2019 \u00a9 Copyrights mcstarters. All rights reserved.","selected_icon":{"value":"","library":""},"_id":"269eff5","link":{"url":"#","is_external":"","nofollow":"","custom_attributes":""}}],"space_between":{"unit":"px","size":28,"sizes":[]},"icon_align":"left","icon_color":"#99A9B5","icon_size":{"unit":"px","size":12,"sizes":[]},"icon_self_align":"left","text_color":"#E4E4E4","text_indent":{"unit":"px","size":0,"sizes":[]},"icon_typography_typography":"custom","icon_typography_font_size":{"unit":"px","size":16,"sizes":[]},"text_color_hover":"#99A9B5","view":"inline","icon_align_mobile":"left","divider":"yes","divider_color":"#DDDDDD78","_margin":{"unit":"px","top":"0","right":"0","bottom":"0","left":"0","isLinked":false}},"elements":[],"isInner":false,"widgetType":"icon-list","elType":"widget"}],"isInner":false,"elType":"column"},{"id":"5eb2463c","settings":{"_column_size":50,"_inline_size":null,"margin_mobile":{"unit":"px","top":"-32","right":"0","bottom":"0","left":"0","isLinked":false},"background_background":"classic","background_color":"#104099","padding":{"unit":"px","top":"10","right":"100","bottom":"10","left":"0","isLinked":false},"padding_tablet":{"unit":"px","top":"8","right":"10","bottom":"8","left":"0","isLinked":false}},"elements":[{"id":"db06ff1","settings":{"icon_list":[{"text":"Support ","selected_icon":{"value":"","library":""},"_id":"269eff5","link":{"url":"#","is_external":"","nofollow":"","custom_attributes":""}},{"text":"Contact Us ","selected_icon":{"value":"","library":""},"link":{"url":"#","is_external":"","nofollow":"","custom_attributes":""},"_id":"069e0cd"},{"text":"Disclaimer ","selected_icon":{"value":"","library":""},"link":{"url":"#","is_external":"","nofollow":"","custom_attributes":""},"_id":"8823b11"},{"text":"Add More ","selected_icon":{"value":"","library":""},"link":{"url":"#","is_external":"","nofollow":"","custom_attributes":""},"_id":"528aa0f"}],"space_between":{"unit":"px","size":28,"sizes":[]},"icon_align":"right","icon_color":"#99A9B5","icon_size":{"unit":"px","size":12,"sizes":[]},"icon_self_align":"left","text_color":"#E4E4E4","text_indent":{"unit":"px","size":0,"sizes":[]},"icon_typography_typography":"custom","icon_typography_font_size":{"unit":"px","size":16,"sizes":[]},"text_color_hover":"#99A9B5","view":"inline","icon_align_mobile":"left","divider":"yes","divider_color":"#DDDDDD78","icon_typography_font_size_mobile":{"unit":"px","size":14,"sizes":[]},"_margin":{"unit":"px","top":"0","right":"0","bottom":"0","left":"0","isLinked":false}},"elements":[],"isInner":false,"widgetType":"icon-list","elType":"widget"}],"isInner":false,"elType":"column"}],"isInner":false,"elType":"section"}],"page_settings":{"eael_ext_toc_title":"Table of Contents","template":"elementor_canvas"}}